departure,arrival
HND,NRT
HND,OKD
HND,RIS
HND,SHB
HND,OIR
HND,HNA
HND,SDJ
HND,KIJ
HND,MMJ
HND,FSZ
HND,NKM
HND,UKB
HND,TJH
HND,OKI
HND,TSJ
HND,IKI
HND,FUJ
HND,AXJ
HND,TNE
HND,KUM
HND,KKX
HND,TKN
HND,OKE
HND,RNJ
HND,KTD
HND,MMD
HND,UEO
HND,TRA
HND,OGN
NRT,HND
NRT,KIX
NRT,CTS
NRT,FUK
NRT,OKA
NRT,OKD
NRT,RIS
NRT,MMB
NRT,AKJ
NRT,SHB
NRT,KUH
NRT,OBO
NRT,HKD
NRT,OIR
NRT,AOJ
NRT,MSJ
NRT,AXT
NRT,HNA
NRT,SDJ
NRT,GAJ
NRT,KIJ
NRT,MMJ
NRT,KMQ
NRT,FSZ
NRT,NKM
NRT,UKB
NRT,SHM
NRT,TJH
NRT,OKI
NRT,OKJ
NRT,IZO
NRT,HIJ
NRT,UBJ
NRT,TKS
NRT,TAK
NRT,KCZ
NRT,MYJ
NRT,KKJ
NRT,OIT
NRT,NGS
NRT,TSJ
NRT,IKI
NRT,FUJ
NRT,KMJ
NRT,AXJ
NRT,KMI
NRT,KOJ
NRT,TNE
NRT,KUM
NRT,KKX
NRT,ASJ
NRT,TKN
NRT,OKE
NRT,RNJ
NRT,KTD
NRT,MMD
NRT,UEO
NRT,MMY
NRT,TRA
NRT,ISG
NRT,OGN
ITM,KIX
ITM,OKD
ITM,RIS
ITM,MMB
ITM,AKJ
ITM,SHB
ITM,KUH
ITM,OBO
ITM,OIR
ITM,AOJ
ITM,MSJ
ITM,AXT
ITM,HNA
ITM,SDJ
ITM,GAJ
ITM,KIJ
ITM,MMJ
ITM,KMQ
ITM,FSZ
ITM,NGO
ITM,NKM
ITM,UKB
ITM,SHM
ITM,TJH
ITM,OKJ
ITM,IZO
ITM,HIJ
ITM,UBJ
ITM,TKS
ITM,TAK
ITM,KCZ
ITM,MYJ
ITM,KKJ
ITM,OIT
ITM,NGS
ITM,TSJ
ITM,IKI
ITM,FUJ
ITM,KMJ
ITM,AXJ
ITM,KMI
ITM,KOJ
ITM,TNE
ITM,KKX
ITM,ASJ
ITM,TKN
ITM,OKE
ITM,RNJ
ITM,KTD
ITM,MMD
ITM,UEO
ITM,MMY
ITM,TRA
ITM,ISG
ITM,OGN
KIX,HND
KIX,NRT
KIX,ITM
KIX,CTS
KIX,FUK
KIX,OKA
KIX,OKD
KIX,RIS
KIX,MMB
KIX,AKJ
KIX,SHB
KIX,KUH
KIX,OBO
KIX,HKD
KIX,OIR
KIX,AOJ
KIX,MSJ
KIX,AXT
KIX,HNA
KIX,SDJ
KIX,GAJ
KIX,KIJ
KIX,MMJ
KIX,KMQ
KIX,FSZ
KIX,NGO
KIX,NKM
KIX,UKB
KIX,SHM
KIX,TJH
KIX,OKI
KIX,OKJ
KIX,IZO
KIX,HIJ
KIX,UBJ
KIX,TKS
KIX,TAK
KIX,KCZ
KIX,MYJ
KIX,KKJ
KIX,OIT
KIX,NGS
KIX,TSJ
KIX,IKI
KIX,FUJ
KIX,KMJ
KIX,AXJ
KIX,KMI
KIX,KOJ
KIX,TNE
KIX,KUM
KIX,KKX
KIX,ASJ
KIX,TKN
KIX,OKE
KIX,RNJ
KIX,KTD
KIX,MMD
KIX,UEO
KIX,MMY
KIX,TRA
KIX,ISG
KIX,OGN
CTS,NRT
CTS,KIX
CTS,OKA
CTS,OKD
CTS,RIS
CTS,MMB
CTS,AKJ
CTS,SHB
CTS,KUH
CTS,OBO
CTS,HKD
CTS,OIR
CTS,AOJ
CTS,MSJ
CTS,AXT
CTS,HNA
CTS,SDJ
CTS,KIJ
CTS,KMQ
CTS,NGO
CTS,NKM
CTS,UKB
CTS,SHM
CTS,TJH
CTS,OKI
CTS,OKJ
CTS,IZO
CTS,UBJ
CTS,TKS
CTS,TAK
CTS,KCZ
CTS,MYJ
CTS,KKJ
CTS,OIT
CTS,NGS
CTS,TSJ
CTS,IKI
CTS,FUJ
CTS,KMJ
CTS,AXJ
CTS,KMI
CTS,KOJ
CTS,TNE
CTS,KUM
CTS,KKX
CTS,ASJ
CTS,TKN
CTS,OKE
CTS,RNJ
CTS,KTD
CTS,MMD
CTS,UEO
CTS,MMY
CTS,TRA
CTS,ISG
CTS,OGN
FUK,NRT
FUK,KIX
FUK,OKD
FUK,RIS
FUK,MMB
FUK,AKJ
FUK,SHB
FUK,KUH
FUK,OBO
FUK,HKD
FUK,OIR
FUK,AOJ
FUK,MSJ
FUK,AXT
FUK,SDJ
FUK,GAJ
FUK,MMJ
FUK,KMQ
FUK,FSZ
FUK,NGO
FUK,NKM
FUK,UKB
FUK,SHM
FUK,TJH
FUK,OKI
FUK,OKJ
FUK,IZO
FUK,HIJ
FUK,UBJ
FUK,TKS
FUK,TAK
FUK,KCZ
FUK,MYJ
FUK,KKJ
FUK,OIT
FUK,NGS
FUK,TSJ
FUK,IKI
FUK,FUJ
FUK,KMJ
FUK,AXJ
FUK,KMI
FUK,TNE
FUK,KKX
FUK,TKN
FUK,OKE
FUK,RNJ
FUK,KTD
FUK,MMD
FUK,UEO
FUK,MMY
FUK,TRA
FUK,ISG
FUK,OGN
OKA,NRT
OKA,KIX
OKA,CTS
OKA,OKD
OKA,RIS
OKA,MMB
OKA,AKJ
OKA,SHB
OKA,KUH
OKA,OBO
OKA,HKD
OKA,OIR
OKA,AOJ
OKA,MSJ
OKA,AXT
OKA,HNA
OKA,SDJ
OKA,GAJ
OKA,KIJ
OKA,MMJ
OKA,KMQ
OKA,FSZ
OKA,NGO
OKA,NKM
OKA,UKB
OKA,SHM
OKA,TJH
OKA,OKI
OKA,OKJ
OKA,IZO
OKA,HIJ
OKA,UBJ
OKA,TKS
OKA,TAK
OKA,KCZ
OKA,MYJ
OKA,KKJ
OKA,OIT
OKA,NGS
OKA,TSJ
OKA,IKI
OKA,FUJ
OKA,KMJ
OKA,AXJ
OKA,KMI
OKA,KOJ
OKA,TNE
OKA,KUM
OKA,KKX
OKA,TKN
OKA,RNJ
OKA,KTD
OKA,MMD
OKA,UEO
OKA,MMY
OKA,TRA
OKA,ISG
OKA,OGN
OKD,HND
OKD,NRT
OKD,ITM
OKD,KIX
OKD,CTS
OKD,FUK
OKD,OKA
OKD,RIS
OKD,MMB
OKD,AKJ
OKD,SHB
OKD,KUH
OKD,OBO
OKD,HKD
OKD,OIR
OKD,AOJ
OKD,AXT
OKD,HNA
OKD,SDJ
OKD,GAJ
OKD,KIJ
OKD,MMJ
OKD,KMQ
OKD,FSZ
OKD,NGO
OKD,NKM
OKD,UKB
OKD,SHM
OKD,TJH
OKD,OKI
OKD,OKJ
OKD,IZO
OKD,HIJ
OKD,UBJ
OKD,TKS
OKD,TAK
OKD,KCZ
OKD,MYJ
OKD,KKJ
OKD,OIT
OKD,NGS
OKD,TSJ
OKD,IKI
OKD,FUJ
OKD,KMJ
OKD,AXJ
OKD,KMI
OKD,KOJ
OKD,TNE
OKD,KUM
OKD,KKX
OKD,ASJ
OKD,TKN
OKD,OKE
OKD,RNJ
OKD,KTD
OKD,MMD
OKD,UEO
OKD,MMY
OKD,TRA
OKD,ISG
OKD,OGN
RIS,HND
RIS,NRT
RIS,ITM
RIS,KIX
RIS,CTS
RIS,FUK
RIS,OKA
RIS,OKD
RIS,MMB
RIS,AKJ
RIS,SHB
RIS,KUH
KUH,RIS
RIS,OBO
OBO,RIS
RIS,HKD
HKD,RIS
RIS,OIR
OIR,RIS
RIS,AOJ
AOJ,RIS
RIS,MSJ
MSJ,RIS
RIS,AXT
AXT,RIS
RIS,HNA
HNA,RIS
RIS,SDJ
SDJ,RIS
RIS,GAJ
GAJ,RIS
RIS,KIJ
KIJ,RIS
RIS,MMJ
MMJ,RIS
RIS,KMQ
KMQ,RIS
RIS,FSZ
FSZ,RIS
RIS,NGO
NGO,RIS
RIS,NKM
NKM,RIS
RIS,UKB
UKB,RIS
RIS,SHM
SHM,RIS
RIS,TJH
TJH,RIS
RIS,OKI
OKI,RIS
RIS,OKJ
OKJ,RIS
RIS,IZO
IZO,RIS
RIS,HIJ
HIJ,RIS
RIS,UBJ
UBJ,RIS
RIS,TKS
TKS,RIS
RIS,TAK
TAK,RIS
RIS,KCZ
KCZ,RIS
RIS,MYJ
MYJ,RIS
RIS,KKJ
KKJ,RIS
RIS,OIT
OIT,RIS
RIS,NGS
NGS,RIS
RIS,TSJ
TSJ,RIS
RIS,IKI
IKI,RIS
RIS,FUJ
FUJ,RIS
RIS,KMJ
KMJ,RIS
RIS,AXJ
AXJ,RIS
RIS,KMI
KMI,RIS
RIS,KOJ
KOJ,RIS
RIS,TNE
TNE,RIS
RIS,KUM
KUM,RIS
RIS,KKX
KKX,RIS
RIS,ASJ
ASJ,RIS
RIS,TKN
TKN,RIS
RIS,OKE
OKE,RIS
RIS,RNJ
RNJ,RIS
RIS,KTD
KTD,RIS
RIS,MMD
MMD,RIS
RIS,UEO
UEO,RIS
RIS,MMY
MMY,RIS
RIS,TRA
TRA,RIS
RIS,ISG
ISG,RIS
RIS,OGN
OGN,RIS
MMB,HND
HND,MMB
MMB,AKJ
AKJ,MMB
MMB,SHB
SHB,MMB
MMB,KUH
KUH,MMB
MMB,OBO
OBO,MMB
MMB,HKD
HKD,MMB
MMB,OIR
OIR,MMB
MMB,AOJ
AOJ,MMB
MMB,MSJ
MSJ,MMB
MMB,AXT
AXT,MMB
MMB,HNA
HNA,MMB
MMB,SDJ
SDJ,MMB
MMB,GAJ
GAJ,MMB
MMB,KIJ
KIJ,MMB
MMB,MMJ
MMJ,MMB
MMB,KMQ
KMQ,MMB
MMB,FSZ
FSZ,MMB
MMB,NGO
NGO,MMB
MMB,NKM
NKM,MMB
MMB,UKB
UKB,MMB
MMB,SHM
SHM,MMB
MMB,TJH
TJH,MMB
MMB,OKI
OKI,MMB
MMB,OKJ
OKJ,MMB
MMB,IZO
IZO,MMB
MMB,HIJ
HIJ,MMB
MMB,UBJ
UBJ,MMB
MMB,TKS
TKS,MMB
MMB,TAK
TAK,MMB
MMB,KCZ
KCZ,MMB
MMB,MYJ
MYJ,MMB
MMB,KKJ
KKJ,MMB
MMB,OIT
OIT,MMB
MMB,NGS
NGS,MMB
MMB,TSJ
TSJ,MMB
MMB,IKI
IKI,MMB
MMB,FUJ
FUJ,MMB
MMB,KMJ
KMJ,MMB
MMB,AXJ
AXJ,MMB
MMB,KMI
KMI,MMB
MMB,KOJ
KOJ,MMB
MMB,TNE
TNE,MMB
MMB,KUM
KUM,MMB
MMB,KKX
KKX,MMB
MMB,ASJ
ASJ,MMB
MMB,TKN
TKN,MMB
MMB,OKE
OKE,MMB
MMB,RNJ
RNJ,MMB
MMB,KTD
KTD,MMB
MMB,MMD
MMD,MMB
MMB,UEO
UEO,MMB
MMB,MMY
MMY,MMB
MMB,TRA
TRA,MMB
MMB,ISG
ISG,MMB
MMB,OGN
OGN,MMB
AKJ,HND
HND,AKJ
AKJ,SHB
SHB,AKJ
AKJ,KUH
KUH,AKJ
AKJ,OBO
OBO,AKJ
AKJ,HKD
HKD,AKJ
AKJ,OIR
OIR,AKJ
AKJ,AOJ
AOJ,AKJ
AKJ,MSJ
MSJ,AKJ
AKJ,AXT
AXT,AKJ
AKJ,HNA
HNA,AKJ
AKJ,SDJ
SDJ,AKJ
AKJ,GAJ
GAJ,AKJ
AKJ,KIJ
KIJ,AKJ
AKJ,MMJ
MMJ,AKJ
AKJ,KMQ
KMQ,AKJ
AKJ,FSZ
FSZ,AKJ
AKJ,NGO
NGO,AKJ
AKJ,NKM
NKM,AKJ
AKJ,UKB
UKB,AKJ
AKJ,SHM
SHM,AKJ
AKJ,TJH
TJH,AKJ
AKJ,OKI
OKI,AKJ
AKJ,OKJ
OKJ,AKJ
AKJ,IZO
IZO,AKJ
AKJ,HIJ
HIJ,AKJ
AKJ,UBJ
UBJ,AKJ
AKJ,TKS
TKS,AKJ
AKJ,TAK
TAK,AKJ
AKJ,KCZ
KCZ,AKJ
AKJ,MYJ
MYJ,AKJ
AKJ,KKJ
KKJ,AKJ
AKJ,OIT
OIT,AKJ
AKJ,NGS
NGS,AKJ
AKJ,TSJ
TSJ,AKJ
AKJ,IKI
IKI,AKJ
AKJ,FUJ
FUJ,AKJ
AKJ,KMJ
KMJ,AKJ
AKJ,AXJ
AXJ,AKJ
AKJ,KMI
KMI,AKJ
AKJ,KOJ
KOJ,AKJ
AKJ,TNE
TNE,AKJ
AKJ,KUM
KUM,AKJ
AKJ,KKX
KKX,AKJ
AKJ,ASJ
ASJ,AKJ
AKJ,TKN
TKN,AKJ
AKJ,OKE
OKE,AKJ
AKJ,RNJ
RNJ,AKJ
AKJ,KTD
KTD,AKJ
AKJ,MMD
MMD,AKJ
AKJ,UEO
UEO,AKJ
AKJ,MMY
MMY,AKJ
AKJ,TRA
TRA,AKJ
AKJ,ISG
ISG,AKJ
AKJ,OGN
OGN,AKJ
SHB,KUH
KUH,SHB
SHB,OBO
OBO,SHB
SHB,HKD
HKD,SHB
SHB,OIR
OIR,SHB
SHB,AOJ
AOJ,SHB
SHB,MSJ
MSJ,SHB
SHB,AXT
AXT,SHB
SHB,HNA
HNA,SHB
SHB,SDJ
SDJ,SHB
SHB,GAJ
GAJ,SHB
SHB,KIJ
KIJ,SHB
SHB,MMJ
MMJ,SHB
SHB,KMQ
KMQ,SHB
SHB,FSZ
FSZ,SHB
SHB,NGO
NGO,SHB
SHB,NKM
NKM,SHB
SHB,UKB
UKB,SHB
SHB,SHM
SHM,SHB
SHB,TJH
TJH,SHB
SHB,OKI
OKI,SHB
SHB,OKJ
OKJ,SHB
SHB,IZO
IZO,SHB
SHB,HIJ
HIJ,SHB
SHB,UBJ
UBJ,SHB
SHB,TKS
TKS,SHB
SHB,TAK
TAK,SHB
SHB,KCZ
KCZ,SHB
SHB,MYJ
MYJ,SHB
SHB,KKJ
KKJ,SHB
SHB,OIT
OIT,SHB
SHB,NGS
NGS,SHB
SHB,TSJ
TSJ,SHB
SHB,IKI
IKI,SHB
SHB,FUJ
FUJ,SHB
SHB,KMJ
KMJ,SHB
SHB,AXJ
AXJ,SHB
SHB,KMI
KMI,SHB
SHB,KOJ
KOJ,SHB
SHB,TNE
TNE,SHB
SHB,KUM
KUM,SHB
SHB,KKX
KKX,SHB
SHB,ASJ
ASJ,SHB
SHB,TKN
TKN,SHB
SHB,OKE
OKE,SHB
SHB,RNJ
RNJ,SHB
SHB,KTD
KTD,SHB
SHB,MMD
MMD,SHB
SHB,UEO
UEO,SHB
SHB,MMY
MMY,SHB
SHB,TRA
TRA,SHB
SHB,ISG
ISG,SHB
SHB,OGN
OGN,SHB
KUH,HND
HND,KUH
KUH,OBO
OBO,KUH
KUH,HKD
HKD,KUH
KUH,OIR
OIR,KUH
KUH,AOJ
AOJ,KUH
KUH,MSJ
MSJ,KUH
KUH,AXT
AXT,KUH
KUH,HNA
HNA,KUH
KUH,SDJ
SDJ,KUH
KUH,GAJ
GAJ,KUH
KUH,KIJ
KIJ,KUH
KUH,MMJ
MMJ,KUH
KUH,KMQ
KMQ,KUH
KUH,FSZ
FSZ,KUH
KUH,NGO
NGO,KUH
KUH,NKM
NKM,KUH
KUH,UKB
UKB,KUH
KUH,SHM
SHM,KUH
KUH,TJH
TJH,KUH
KUH,OKI
OKI,KUH
KUH,OKJ
OKJ,KUH
KUH,IZO
IZO,KUH
KUH,HIJ
HIJ,KUH
KUH,UBJ
UBJ,KUH
KUH,TKS
TKS,KUH
KUH,TAK
TAK,KUH
KUH,KCZ
KCZ,KUH
KUH,MYJ
MYJ,KUH
KUH,KKJ
KKJ,KUH
KUH,OIT
OIT,KUH
KUH,NGS
NGS,KUH
KUH,TSJ
TSJ,KUH
KUH,IKI
IKI,KUH
KUH,FUJ
FUJ,KUH
KUH,KMJ
KMJ,KUH
KUH,AXJ
AXJ,KUH
KUH,KMI
KMI,KUH
KUH,KOJ
KOJ,KUH
KUH,TNE
TNE,KUH
KUH,KUM
KUM,KUH
KUH,KKX
KKX,KUH
KUH,ASJ
ASJ,KUH
KUH,TKN
TKN,KUH
KUH,OKE
OKE,KUH
KUH,RNJ
RNJ,KUH
KUH,KTD
KTD,KUH
KUH,MMD
MMD,KUH
KUH,UEO
UEO,KUH
KUH,MMY
MMY,KUH
KUH,TRA
TRA,KUH
KUH,ISG
ISG,KUH
KUH,OGN
OGN,KUH
OBO,HND
HND,OBO
OBO,HKD
HKD,OBO
OBO,OIR
OIR,OBO
OBO,AOJ
AOJ,OBO
OBO,MSJ
MSJ,OBO
OBO,AXT
AXT,OBO
OBO,HNA
HNA,OBO
OBO,SDJ
SDJ,OBO
OBO,GAJ
GAJ,OBO
OBO,KIJ
KIJ,OBO
OBO,MMJ
MMJ,OBO
OBO,KMQ
KMQ,OBO
OBO,FSZ
FSZ,OBO
OBO,NGO
NGO,OBO
OBO,NKM
NKM,OBO
OBO,UKB
UKB,OBO
OBO,SHM
SHM,OBO
OBO,TJH
TJH,OBO
OBO,OKI
OKI,OBO
OBO,OKJ
OKJ,OBO
OBO,IZO
IZO,OBO
OBO,HIJ
HIJ,OBO
OBO,UBJ
UBJ,OBO
OBO,TKS
TKS,OBO
OBO,TAK
TAK,OBO
OBO,KCZ
KCZ,OBO
OBO,MYJ
MYJ,OBO
OBO,KKJ
KKJ,OBO
OBO,OIT
OIT,OBO
OBO,NGS
NGS,OBO
OBO,TSJ
TSJ,OBO
OBO,IKI
IKI,OBO
OBO,FUJ
FUJ,OBO
OBO,KMJ
KMJ,OBO
OBO,AXJ
AXJ,OBO
OBO,KMI
KMI,OBO
OBO,KOJ
KOJ,OBO
OBO,TNE
TNE,OBO
OBO,KUM
KUM,OBO
OBO,KKX
KKX,OBO
OBO,ASJ
ASJ,OBO
OBO,TKN
TKN,OBO
OBO,OKE
OKE,OBO
OBO,RNJ
RNJ,OBO
OBO,KTD
KTD,OBO
OBO,MMD
MMD,OBO
OBO,UEO
UEO,OBO
OBO,MMY
MMY,OBO
OBO,TRA
TRA,OBO
OBO,ISG
ISG,OBO
OBO,OGN
OGN,OBO
HKD,HND
HND,HKD
HKD,AOJ
AOJ,HKD
HKD,MSJ
MSJ,HKD
HKD,AXT
AXT,HKD
HKD,HNA
HNA,HKD
HKD,SDJ
SDJ,HKD
HKD,GAJ
GAJ,HKD
HKD,KIJ
KIJ,HKD
HKD,MMJ
MMJ,HKD
HKD,KMQ
KMQ,HKD
HKD,FSZ
FSZ,HKD
HKD,NGO
NGO,HKD
HKD,NKM
NKM,HKD
HKD,UKB
UKB,HKD
HKD,SHM
SHM,HKD
HKD,TJH
TJH,HKD
HKD,OKI
OKI,HKD
HKD,OKJ
OKJ,HKD
HKD,IZO
IZO,HKD
HKD,HIJ
HIJ,HKD
HKD,UBJ
UBJ,HKD
HKD,TKS
TKS,HKD
HKD,TAK
TAK,HKD
HKD,KCZ
KCZ,HKD
HKD,MYJ
MYJ,HKD
HKD,KKJ
KKJ,HKD
HKD,OIT
OIT,HKD
HKD,NGS
NGS,HKD
HKD,TSJ
TSJ,HKD
HKD,IKI
IKI,HKD
HKD,FUJ
FUJ,HKD
HKD,KMJ
KMJ,HKD
HKD,AXJ
AXJ,HKD
HKD,KMI
KMI,HKD
HKD,KOJ
KOJ,HKD
HKD,TNE
TNE,HKD
HKD,KUM
KUM,HKD
HKD,KKX
KKX,HKD
HKD,ASJ
ASJ,HKD
HKD,TKN
TKN,HKD
HKD,OKE
OKE,HKD
HKD,RNJ
RNJ,HKD
HKD,KTD
KTD,HKD
HKD,MMD
MMD,HKD
HKD,UEO
UEO,HKD
HKD,MMY
MMY,HKD
HKD,TRA
TRA,HKD
HKD,ISG
ISG,HKD
HKD,OGN
OGN,HKD
OIR,AOJ
AOJ,OIR
OIR,MSJ
MSJ,OIR
OIR,AXT
AXT,OIR
OIR,HNA
HNA,OIR
OIR,SDJ
SDJ,OIR
OIR,GAJ
GAJ,OIR
OIR,KIJ
KIJ,OIR
OIR,MMJ
MMJ,OIR
OIR,KMQ
KMQ,OIR
OIR,FSZ
FSZ,OIR
OIR,NGO
NGO,OIR
OIR,NKM
NKM,OIR
OIR,UKB
UKB,OIR
OIR,SHM
SHM,OIR
OIR,TJH
TJH,OIR
OIR,OKI
OKI,OIR
OIR,OKJ
OKJ,OIR
OIR,IZO
IZO,OIR
OIR,HIJ
HIJ,OIR
OIR,UBJ
UBJ,OIR
OIR,TKS
TKS,OIR
OIR,TAK
TAK,OIR
OIR,KCZ
KCZ,OIR
OIR,MYJ
MYJ,OIR
OIR,KKJ
KKJ,OIR
OIR,OIT
OIT,OIR
OIR,NGS
NGS,OIR
OIR,TSJ
TSJ,OIR
OIR,IKI
IKI,OIR
OIR,FUJ
FUJ,OIR
OIR,KMJ
KMJ,OIR
OIR,AXJ
AXJ,OIR
OIR,KMI
KMI,OIR
OIR,KOJ
KOJ,OIR
OIR,TNE
TNE,OIR
OIR,KUM
KUM,OIR
OIR,KKX
KKX,OIR
OIR,ASJ
ASJ,OIR
OIR,TKN
TKN,OIR
OIR,OKE
OKE,OIR
OIR,RNJ
RNJ,OIR
OIR,KTD
KTD,OIR
OIR,MMD
MMD,OIR
OIR,UEO
UEO,OIR
OIR,MMY
MMY,OIR
OIR,TRA
TRA,OIR
OIR,ISG
ISG,OIR
OIR,OGN
OGN,OIR
AOJ,HND
HND,AOJ
AOJ,MSJ
MSJ,AOJ
AOJ,AXT
AXT,AOJ
AOJ,HNA
HNA,AOJ
AOJ,SDJ
SDJ,AOJ
AOJ,GAJ
GAJ,AOJ
AOJ,KIJ
KIJ,AOJ
AOJ,MMJ
MMJ,AOJ
AOJ,KMQ
KMQ,AOJ
AOJ,FSZ
FSZ,AOJ
AOJ,NGO
NGO,AOJ
AOJ,NKM
NKM,AOJ
AOJ,UKB
UKB,AOJ
AOJ,SHM
SHM,AOJ
AOJ,TJH
TJH,AOJ
AOJ,OKI
OKI,AOJ
AOJ,OKJ
OKJ,AOJ
AOJ,IZO
IZO,AOJ
AOJ,HIJ
HIJ,AOJ
AOJ,UBJ
UBJ,AOJ
AOJ,TKS
TKS,AOJ
AOJ,TAK
TAK,AOJ
AOJ,KCZ
KCZ,AOJ
AOJ,MYJ
MYJ,AOJ
AOJ,KKJ
KKJ,AOJ
AOJ,OIT
OIT,AOJ
AOJ,NGS
NGS,AOJ
AOJ,TSJ
TSJ,AOJ
AOJ,IKI
IKI,AOJ
AOJ,FUJ
FUJ,AOJ
AOJ,KMJ
KMJ,AOJ
AOJ,AXJ
AXJ,AOJ
AOJ,KMI
KMI,AOJ
AOJ,KOJ
KOJ,AOJ
AOJ,TNE
TNE,AOJ
AOJ,KUM
KUM,AOJ
AOJ,KKX
KKX,AOJ
AOJ,ASJ
ASJ,AOJ
AOJ,TKN
TKN,AOJ
AOJ,OKE
OKE,AOJ
AOJ,RNJ
RNJ,AOJ
AOJ,KTD
KTD,AOJ
AOJ,MMD
MMD,AOJ
AOJ,UEO
UEO,AOJ
AOJ,MMY
MMY,AOJ
AOJ,TRA
TRA,AOJ
AOJ,ISG
ISG,AOJ
AOJ,OGN
OGN,AOJ
MSJ,HND
HND,MSJ
MSJ,AXT
AXT,MSJ
MSJ,HNA
HNA,MSJ
MSJ,SDJ
SDJ,MSJ
MSJ,GAJ
GAJ,MSJ
MSJ,KIJ
KIJ,MSJ
MSJ,MMJ
MMJ,MSJ
MSJ,KMQ
KMQ,MSJ
MSJ,FSZ
FSZ,MSJ
MSJ,NGO
NGO,MSJ
MSJ,NKM
NKM,MSJ
MSJ,UKB
UKB,MSJ
MSJ,SHM
SHM,MSJ
MSJ,TJH
TJH,MSJ
MSJ,OKI
OKI,MSJ
MSJ,OKJ
OKJ,MSJ
MSJ,IZO
IZO,MSJ
MSJ,HIJ
HIJ,MSJ
MSJ,UBJ
UBJ,MSJ
MSJ,TKS
TKS,MSJ
MSJ,TAK
TAK,MSJ
MSJ,KCZ
KCZ,MSJ
MSJ,MYJ
MYJ,MSJ
MSJ,KKJ
KKJ,MSJ
MSJ,OIT
OIT,MSJ
MSJ,NGS
NGS,MSJ
MSJ,TSJ
TSJ,MSJ
MSJ,IKI
IKI,MSJ
MSJ,FUJ
FUJ,MSJ
MSJ,KMJ
KMJ,MSJ
MSJ,AXJ
AXJ,MSJ
MSJ,KMI
KMI,MSJ
MSJ,KOJ
KOJ,MSJ
MSJ,TNE
TNE,MSJ
MSJ,KUM
KUM,MSJ
MSJ,KKX
KKX,MSJ
MSJ,ASJ
ASJ,MSJ
MSJ,TKN
TKN,MSJ
MSJ,OKE
OKE,MSJ
MSJ,RNJ
RNJ,MSJ
MSJ,KTD
KTD,MSJ
MSJ,MMD
MMD,MSJ
MSJ,UEO
UEO,MSJ
MSJ,MMY
MMY,MSJ
MSJ,TRA
TRA,MSJ
MSJ,ISG
ISG,MSJ
MSJ,OGN
OGN,MSJ
AXT,HND
HND,AXT
AXT,HNA
HNA,AXT
AXT,SDJ
SDJ,AXT
AXT,GAJ
GAJ,AXT
AXT,KIJ
KIJ,AXT
AXT,MMJ
MMJ,AXT
AXT,KMQ
KMQ,AXT
AXT,FSZ
FSZ,AXT
AXT,NGO
NGO,AXT
AXT,NKM
NKM,AXT
AXT,UKB
UKB,AXT
AXT,SHM
SHM,AXT
AXT,TJH
TJH,AXT
AXT,OKI
OKI,AXT
AXT,OKJ
OKJ,AXT
AXT,IZO
IZO,AXT
AXT,HIJ
HIJ,AXT
AXT,UBJ
UBJ,AXT
AXT,TKS
TKS,AXT
AXT,TAK
TAK,AXT
AXT,KCZ
KCZ,AXT
AXT,MYJ
MYJ,AXT
AXT,KKJ
KKJ,AXT
AXT,OIT
OIT,AXT
AXT,NGS
NGS,AXT
AXT,TSJ
TSJ,AXT
AXT,IKI
IKI,AXT
AXT,FUJ
FUJ,AXT
AXT,KMJ
KMJ,AXT
AXT,AXJ
AXJ,AXT
AXT,KMI
KMI,AXT
AXT,KOJ
KOJ,AXT
AXT,TNE
TNE,AXT
AXT,KUM
KUM,AXT
AXT,KKX
KKX,AXT
AXT,ASJ
ASJ,AXT
AXT,TKN
TKN,AXT
AXT,OKE
OKE,AXT
AXT,RNJ
RNJ,AXT
AXT,KTD
KTD,AXT
AXT,MMD
MMD,AXT
AXT,UEO
UEO,AXT
AXT,MMY
MMY,AXT
AXT,TRA
TRA,AXT
AXT,ISG
ISG,AXT
AXT,OGN
OGN,AXT
HNA,SDJ
SDJ,HNA
HNA,GAJ
GAJ,HNA
HNA,KIJ
KIJ,HNA
HNA,MMJ
MMJ,HNA
HNA,KMQ
KMQ,HNA
HNA,FSZ
FSZ,HNA
HNA,NGO
NGO,HNA
HNA,NKM
NKM,HNA
HNA,UKB
UKB,HNA
HNA,SHM
SHM,HNA
HNA,TJH
TJH,HNA
HNA,OKI
OKI,HNA
HNA,OKJ
OKJ,HNA
HNA,IZO
IZO,HNA
HNA,HIJ
HIJ,HNA
HNA,UBJ
UBJ,HNA
HNA,TKS
TKS,HNA
HNA,TAK
TAK,HNA
HNA,KCZ
KCZ,HNA
HNA,MYJ
MYJ,HNA
HNA,KKJ
KKJ,HNA
HNA,OIT
OIT,HNA
HNA,NGS
NGS,HNA
HNA,TSJ
TSJ,HNA
HNA,IKI
IKI,HNA
HNA,FUJ
FUJ,HNA
HNA,KMJ
KMJ,HNA
HNA,AXJ
AXJ,HNA
HNA,KMI
KMI,HNA
HNA,KOJ
KOJ,HNA
HNA,TNE
TNE,HNA
HNA,KUM
KUM,HNA
HNA,KKX
KKX,HNA
HNA,ASJ
ASJ,HNA
HNA,TKN
TKN,HNA
HNA,OKE
OKE,HNA
HNA,RNJ
RNJ,HNA
HNA,KTD
KTD,HNA
HNA,MMD
MMD,HNA
HNA,UEO
UEO,HNA
HNA,MMY
MMY,HNA
HNA,TRA
TRA,HNA
HNA,ISG
ISG,HNA
HNA,OGN
OGN,HNA
SDJ,GAJ
GAJ,SDJ
SDJ,KIJ
KIJ,SDJ
SDJ,MMJ
MMJ,SDJ
SDJ,KMQ
KMQ,SDJ
SDJ,FSZ
FSZ,SDJ
SDJ,NGO
NGO,SDJ
SDJ,NKM
NKM,SDJ
SDJ,UKB
UKB,SDJ
SDJ,SHM
SHM,SDJ
SDJ,TJH
TJH,SDJ
SDJ,OKI
OKI,SDJ
SDJ,OKJ
OKJ,SDJ
SDJ,IZO
IZO,SDJ
SDJ,HIJ
HIJ,SDJ
SDJ,UBJ
UBJ,SDJ
SDJ,TKS
TKS,SDJ
SDJ,TAK
TAK,SDJ
SDJ,KCZ
KCZ,SDJ
SDJ,MYJ
MYJ,SDJ
SDJ,KKJ
KKJ,SDJ
SDJ,OIT
OIT,SDJ
SDJ,NGS
NGS,SDJ
SDJ,TSJ
TSJ,SDJ
SDJ,IKI
IKI,SDJ
SDJ,FUJ
FUJ,SDJ
SDJ,KMJ
KMJ,SDJ
SDJ,AXJ
AXJ,SDJ
SDJ,KMI
KMI,SDJ
SDJ,KOJ
KOJ,SDJ
SDJ,TNE
TNE,SDJ
SDJ,KUM
KUM,SDJ
SDJ,KKX
KKX,SDJ
SDJ,ASJ
ASJ,SDJ
SDJ,TKN
TKN,SDJ
SDJ,OKE
OKE,SDJ
SDJ,RNJ
RNJ,SDJ
SDJ,KTD
KTD,SDJ
SDJ,MMD
MMD,SDJ
SDJ,UEO
UEO,SDJ
SDJ,MMY
MMY,SDJ
SDJ,TRA
TRA,SDJ
SDJ,ISG
ISG,SDJ
SDJ,OGN
OGN,SDJ
GAJ,HND
HND,GAJ
GAJ,KIJ
KIJ,GAJ
GAJ,MMJ
MMJ,GAJ
GAJ,KMQ
KMQ,GAJ
GAJ,FSZ
FSZ,GAJ
GAJ,NGO
NGO,GAJ
GAJ,NKM
NKM,GAJ
GAJ,UKB
UKB,GAJ
GAJ,SHM
SHM,GAJ
GAJ,TJH
TJH,GAJ
GAJ,OKI
OKI,GAJ
GAJ,OKJ
OKJ,GAJ
GAJ,IZO
IZO,GAJ
GAJ,HIJ
HIJ,GAJ
GAJ,UBJ
UBJ,GAJ
GAJ,TKS
TKS,GAJ
GAJ,TAK
TAK,GAJ
GAJ,KCZ
KCZ,GAJ
GAJ,MYJ
MYJ,GAJ
GAJ,KKJ
KKJ,GAJ
GAJ,OIT
OIT,GAJ
GAJ,NGS
NGS,GAJ
GAJ,TSJ
TSJ,GAJ
GAJ,IKI
IKI,GAJ
GAJ,FUJ
FUJ,GAJ
GAJ,KMJ
KMJ,GAJ
GAJ,AXJ
AXJ,GAJ
GAJ,KMI
KMI,GAJ
GAJ,KOJ
KOJ,GAJ
GAJ,TNE
TNE,GAJ
GAJ,KUM
KUM,GAJ
GAJ,KKX
KKX,GAJ
GAJ,ASJ
ASJ,GAJ
GAJ,TKN
TKN,GAJ
GAJ,OKE
OKE,GAJ
GAJ,RNJ
RNJ,GAJ
GAJ,KTD
KTD,GAJ
GAJ,MMD
MMD,GAJ
GAJ,UEO
UEO,GAJ
GAJ,MMY
MMY,GAJ
GAJ,TRA
TRA,GAJ
GAJ,ISG
ISG,GAJ
GAJ,OGN
OGN,GAJ
KIJ,MMJ
MMJ,KIJ
KIJ,KMQ
KMQ,KIJ
KIJ,FSZ
FSZ,KIJ
KIJ,NGO
NGO,KIJ
KIJ,NKM
NKM,KIJ
KIJ,UKB
UKB,KIJ
KIJ,SHM
SHM,KIJ
KIJ,TJH
TJH,KIJ
KIJ,OKI
OKI,KIJ
KIJ,OKJ
OKJ,KIJ
KIJ,IZO
IZO,KIJ
KIJ,HIJ
HIJ,KIJ
KIJ,UBJ
UBJ,KIJ
KIJ,TKS
TKS,KIJ
KIJ,TAK
TAK,KIJ
KIJ,KCZ
KCZ,KIJ
KIJ,MYJ
MYJ,KIJ
KIJ,KKJ
KKJ,KIJ
KIJ,OIT
OIT,KIJ
KIJ,NGS
NGS,KIJ
KIJ,TSJ
TSJ,KIJ
KIJ,IKI
IKI,KIJ
KIJ,FUJ
FUJ,KIJ
KIJ,KMJ
KMJ,KIJ
KIJ,AXJ
AXJ,KIJ
KIJ,KMI
KMI,KIJ
KIJ,KOJ
KOJ,KIJ
KIJ,TNE
TNE,KIJ
KIJ,KUM
KUM,KIJ
KIJ,KKX
KKX,KIJ
KIJ,ASJ
ASJ,KIJ
KIJ,TKN
TKN,KIJ
KIJ,OKE
OKE,KIJ
KIJ,RNJ
RNJ,KIJ
KIJ,KTD
KTD,KIJ
KIJ,MMD
MMD,KIJ
KIJ,UEO
UEO,KIJ
KIJ,MMY
MMY,KIJ
KIJ,TRA
TRA,KIJ
KIJ,ISG
ISG,KIJ
KIJ,OGN
OGN,KIJ
MMJ,KMQ
KMQ,MMJ
MMJ,FSZ
FSZ,MMJ
MMJ,NGO
NGO,MMJ
MMJ,NKM
NKM,MMJ
MMJ,UKB
UKB,MMJ
MMJ,SHM
SHM,MMJ
MMJ,TJH
TJH,MMJ
MMJ,OKI
OKI,MMJ
MMJ,OKJ
OKJ,MMJ
MMJ,IZO
IZO,MMJ
MMJ,HIJ
HIJ,MMJ
MMJ,UBJ
UBJ,MMJ
MMJ,TKS
TKS,MMJ
MMJ,TAK
TAK,MMJ
MMJ,KCZ
KCZ,MMJ
MMJ,MYJ
MYJ,MMJ
MMJ,KKJ
KKJ,MMJ
MMJ,OIT
OIT,MMJ
MMJ,NGS
NGS,MMJ
MMJ,TSJ
TSJ,MMJ
MMJ,IKI
IKI,MMJ
MMJ,FUJ
FUJ,MMJ
MMJ,KMJ
KMJ,MMJ
MMJ,AXJ
AXJ,MMJ
MMJ,KMI
KMI,MMJ
MMJ,KOJ
KOJ,MMJ
MMJ,TNE
TNE,MMJ
MMJ,KUM
KUM,MMJ
MMJ,KKX
KKX,MMJ
MMJ,ASJ
ASJ,MMJ
MMJ,TKN
TKN,MMJ
MMJ,OKE
OKE,MMJ
MMJ,RNJ
RNJ,MMJ
MMJ,KTD
KTD,MMJ
MMJ,MMD
MMD,MMJ
MMJ,UEO
UEO,MMJ
MMJ,MMY
MMY,MMJ
MMJ,TRA
TRA,MMJ
MMJ,ISG
ISG,MMJ
MMJ,OGN
OGN,MMJ
KMQ,HND
HND,KMQ
KMQ,FSZ
FSZ,KMQ
KMQ,NGO
NGO,KMQ
KMQ,NKM
NKM,KMQ
KMQ,UKB
UKB,KMQ
KMQ,SHM
SHM,KMQ
KMQ,TJH
TJH,KMQ
KMQ,OKI
OKI,KMQ
KMQ,OKJ
OKJ,KMQ
KMQ,IZO
IZO,KMQ
KMQ,HIJ
HIJ,KMQ
KMQ,UBJ
UBJ,KMQ
KMQ,TKS
TKS,KMQ
KMQ,TAK
TAK,KMQ
KMQ,KCZ
KCZ,KMQ
KMQ,MYJ
MYJ,KMQ
KMQ,KKJ
KKJ,KMQ
KMQ,OIT
OIT,KMQ
KMQ,NGS
NGS,KMQ
KMQ,TSJ
TSJ,KMQ
KMQ,IKI
IKI,KMQ
KMQ,FUJ
FUJ,KMQ
KMQ,KMJ
KMJ,KMQ
KMQ,AXJ
AXJ,KMQ
KMQ,KMI
KMI,KMQ
KMQ,KOJ
KOJ,KMQ
KMQ,TNE
TNE,KMQ
KMQ,KUM
KUM,KMQ
KMQ,KKX
KKX,KMQ
KMQ,ASJ
ASJ,KMQ
KMQ,TKN
TKN,KMQ
KMQ,OKE
OKE,KMQ
KMQ,RNJ
RNJ,KMQ
KMQ,KTD
KTD,KMQ
KMQ,MMD
MMD,KMQ
KMQ,UEO
UEO,KMQ
KMQ,MMY
MMY,KMQ
KMQ,TRA
TRA,KMQ
KMQ,ISG
ISG,KMQ
KMQ,OGN
OGN,KMQ
FSZ,NGO
NGO,FSZ
FSZ,NKM
NKM,FSZ
FSZ,UKB
UKB,FSZ
FSZ,SHM
SHM,FSZ
FSZ,TJH
TJH,FSZ
FSZ,OKI
OKI,FSZ
FSZ,OKJ
OKJ,FSZ
FSZ,HIJ
HIJ,FSZ
FSZ,UBJ
UBJ,FSZ
FSZ,TKS
TKS,FSZ
FSZ,TAK
TAK,FSZ
FSZ,KCZ
KCZ,FSZ
FSZ,MYJ
MYJ,FSZ
FSZ,KKJ
KKJ,FSZ
FSZ,OIT
OIT,FSZ
FSZ,NGS
NGS,FSZ
FSZ,TSJ
TSJ,FSZ
FSZ,IKI
IKI,FSZ
FSZ,FUJ
FUJ,FSZ
FSZ,KMJ
KMJ,FSZ
FSZ,AXJ
AXJ,FSZ
FSZ,KMI
KMI,FSZ
FSZ,TNE
TNE,FSZ
FSZ,KUM
KUM,FSZ
FSZ,KKX
KKX,FSZ
FSZ,ASJ
ASJ,FSZ
FSZ,TKN
TKN,FSZ
FSZ,OKE
OKE,FSZ
FSZ,RNJ
RNJ,FSZ
FSZ,KTD
KTD,FSZ
FSZ,MMD
MMD,FSZ
FSZ,UEO
UEO,FSZ
FSZ,MMY
MMY,FSZ
FSZ,TRA
TRA,FSZ
FSZ,ISG
ISG,FSZ
FSZ,OGN
OGN,FSZ
NGO,HND
HND,NGO
NGO,NRT
NRT,NGO
NGO,NKM
NKM,NGO
NGO,UKB
UKB,NGO
NGO,SHM
SHM,NGO
NGO,TJH
TJH,NGO
NGO,OKI
OKI,NGO
NGO,OKJ
OKJ,NGO
NGO,HIJ
HIJ,NGO
NGO,UBJ
UBJ,NGO
NGO,TKS
TKS,NGO
NGO,TAK
TAK,NGO
NGO,KCZ
KCZ,NGO
NGO,MYJ
MYJ,NGO
NGO,KKJ
KKJ,NGO
NGO,OIT
OIT,NGO
NGO,NGS
NGS,NGO
NGO,TSJ
TSJ,NGO
NGO,IKI
IKI,NGO
NGO,FUJ
FUJ,NGO
NGO,KMJ
KMJ,NGO
NGO,AXJ
AXJ,NGO
NGO,KMI
KMI,NGO
NGO,KOJ
KOJ,NGO
NGO,TNE
TNE,NGO
NGO,KUM
KUM,NGO
NGO,KKX
KKX,NGO
NGO,ASJ
ASJ,NGO
NGO,TKN
TKN,NGO
NGO,OKE
OKE,NGO
NGO,RNJ
RNJ,NGO
NGO,KTD
KTD,NGO
NGO,MMD
MMD,NGO
NGO,UEO
UEO,NGO
NGO,MMY
MMY,NGO
NGO,TRA
TRA,NGO
NGO,ISG
ISG,NGO
NGO,OGN
OGN,NGO
NKM,UKB
UKB,NKM
NKM,SHM
SHM,NKM
NKM,TJH
TJH,NKM
NKM,OKI
OKI,NKM
NKM,OKJ
OKJ,NKM
NKM,IZO
IZO,NKM
NKM,HIJ
HIJ,NKM
NKM,UBJ
UBJ,NKM
NKM,TKS
TKS,NKM
NKM,TAK
TAK,NKM
NKM,MYJ
MYJ,NKM
NKM,KKJ
KKJ,NKM
NKM,OIT
OIT,NKM
NKM,NGS
NGS,NKM
NKM,TSJ
TSJ,NKM
NKM,IKI
IKI,NKM
NKM,FUJ
FUJ,NKM
NKM,KMJ
KMJ,NKM
NKM,AXJ
AXJ,NKM
NKM,KMI
KMI,NKM
NKM,KOJ
KOJ,NKM
NKM,TNE
TNE,NKM
NKM,KUM
KUM,NKM
NKM,KKX
KKX,NKM
NKM,ASJ
ASJ,NKM
NKM,TKN
TKN,NKM
NKM,OKE
OKE,NKM
NKM,RNJ
RNJ,NKM
NKM,KTD
KTD,NKM
NKM,MMD
MMD,NKM
NKM,UEO
UEO,NKM
NKM,MMY
MMY,NKM
NKM,TRA
TRA,NKM
NKM,ISG
ISG,NKM
NKM,OGN
OGN,NKM
UKB,SHM
SHM,UKB
UKB,TJH
TJH,UKB
UKB,OKI
OKI,UKB
UKB,OKJ
OKJ,UKB
UKB,IZO
IZO,UKB
UKB,HIJ
HIJ,UKB
UKB,UBJ
UBJ,UKB
UKB,TKS
TKS,UKB
UKB,TAK
TAK,UKB
UKB,KCZ
KCZ,UKB
UKB,MYJ
MYJ,UKB
UKB,KKJ
KKJ,UKB
UKB,OIT
OIT,UKB
UKB,NGS
NGS,UKB
UKB,TSJ
TSJ,UKB
UKB,IKI
IKI,UKB
UKB,FUJ
FUJ,UKB
UKB,KMJ
KMJ,UKB
UKB,AXJ
AXJ,UKB
UKB,KMI
KMI,UKB
UKB,KOJ
KOJ,UKB
UKB,TNE
TNE,UKB
UKB,KUM
KUM,UKB
UKB,KKX
KKX,UKB
UKB,ASJ
ASJ,UKB
UKB,TKN
TKN,UKB
UKB,OKE
OKE,UKB
UKB,RNJ
RNJ,UKB
UKB,KTD
KTD,UKB
UKB,MMD
MMD,UKB
UKB,UEO
UEO,UKB
UKB,MMY
MMY,UKB
UKB,TRA
TRA,UKB
UKB,ISG
ISG,UKB
UKB,OGN
OGN,UKB
SHM,HND
HND,SHM
SHM,TJH
TJH,SHM
SHM,OKI
OKI,SHM
SHM,OKJ
OKJ,SHM
SHM,IZO
IZO,SHM
SHM,HIJ
HIJ,SHM
SHM,UBJ
UBJ,SHM
SHM,TKS
TKS,SHM
SHM,TAK
TAK,SHM
SHM,KCZ
KCZ,SHM
SHM,MYJ
MYJ,SHM
SHM,KKJ
KKJ,SHM
SHM,OIT
OIT,SHM
SHM,NGS
NGS,SHM
SHM,TSJ
TSJ,SHM
SHM,IKI
IKI,SHM
SHM,FUJ
FUJ,SHM
SHM,KMJ
KMJ,SHM
SHM,AXJ
AXJ,SHM
SHM,KMI
KMI,SHM
SHM,KOJ
KOJ,SHM
SHM,TNE
TNE,SHM
SHM,KUM
KUM,SHM
SHM,KKX
KKX,SHM
SHM,ASJ
ASJ,SHM
SHM,TKN
TKN,SHM
SHM,OKE
OKE,SHM
SHM,RNJ
RNJ,SHM
SHM,KTD
KTD,SHM
SHM,MMD
MMD,SHM
SHM,UEO
UEO,SHM
SHM,MMY
MMY,SHM
SHM,TRA
TRA,SHM
SHM,ISG
ISG,SHM
SHM,OGN
OGN,SHM
TJH,OKI
OKI,TJH
TJH,OKJ
OKJ,TJH
TJH,IZO
IZO,TJH
TJH,HIJ
HIJ,TJH
TJH,UBJ
UBJ,TJH
TJH,TKS
TKS,TJH
TJH,TAK
TAK,TJH
TJH,KCZ
KCZ,TJH
TJH,MYJ
MYJ,TJH
TJH,KKJ
KKJ,TJH
TJH,OIT
OIT,TJH
TJH,NGS
NGS,TJH
TJH,TSJ
TSJ,TJH
TJH,IKI
IKI,TJH
TJH,FUJ
FUJ,TJH
TJH,KMJ
KMJ,TJH
TJH,AXJ
AXJ,TJH
TJH,KMI
KMI,TJH
TJH,KOJ
KOJ,TJH
TJH,TNE
TNE,TJH
TJH,KUM
KUM,TJH
TJH,KKX
KKX,TJH
TJH,ASJ
ASJ,TJH
TJH,TKN
TKN,TJH
TJH,OKE
OKE,TJH
TJH,RNJ
RNJ,TJH
TJH,KTD
KTD,TJH
TJH,MMD
MMD,TJH
TJH,UEO
UEO,TJH
TJH,MMY
MMY,TJH
TJH,TRA
TRA,TJH
TJH,ISG
ISG,TJH
TJH,OGN
OGN,TJH
OKI,OKJ
OKJ,OKI
OKI,HIJ
HIJ,OKI
OKI,UBJ
UBJ,OKI
OKI,TKS
TKS,OKI
OKI,TAK
TAK,OKI
OKI,KCZ
KCZ,OKI
OKI,MYJ
MYJ,OKI
OKI,KKJ
KKJ,OKI
OKI,OIT
OIT,OKI
OKI,NGS
NGS,OKI
OKI,TSJ
TSJ,OKI
OKI,IKI
IKI,OKI
OKI,FUJ
FUJ,OKI
OKI,KMJ
KMJ,OKI
OKI,AXJ
AXJ,OKI
OKI,KMI
KMI,OKI
OKI,KOJ
KOJ,OKI
OKI,TNE
TNE,OKI
OKI,KUM
KUM,OKI
OKI,KKX
KKX,OKI
OKI,ASJ
ASJ,OKI
OKI,TKN
TKN,OKI
OKI,OKE
OKE,OKI
OKI,RNJ
RNJ,OKI
OKI,KTD
KTD,OKI
OKI,MMD
MMD,OKI
OKI,UEO
UEO,OKI
OKI,MMY
MMY,OKI
OKI,TRA
TRA,OKI
OKI,ISG
ISG,OKI
OKI,OGN
OGN,OKI
OKJ,HND
HND,OKJ
OKJ,IZO
IZO,OKJ
OKJ,HIJ
HIJ,OKJ
OKJ,UBJ
UBJ,OKJ
OKJ,TKS
TKS,OKJ
OKJ,TAK
TAK,OKJ
OKJ,KCZ
KCZ,OKJ
OKJ,MYJ
MYJ,OKJ
OKJ,KKJ
KKJ,OKJ
OKJ,OIT
OIT,OKJ
OKJ,NGS
NGS,OKJ
OKJ,TSJ
TSJ,OKJ
OKJ,IKI
IKI,OKJ
OKJ,FUJ
FUJ,OKJ
OKJ,KMJ
KMJ,OKJ
OKJ,AXJ
AXJ,OKJ
OKJ,KMI
KMI,OKJ
OKJ,KOJ
KOJ,OKJ
OKJ,TNE
TNE,OKJ
OKJ,KUM
KUM,OKJ
OKJ,KKX
KKX,OKJ
OKJ,ASJ
ASJ,OKJ
OKJ,TKN
TKN,OKJ
OKJ,OKE
OKE,OKJ
OKJ,RNJ
RNJ,OKJ
OKJ,KTD
KTD,OKJ
OKJ,MMD
MMD,OKJ
OKJ,UEO
UEO,OKJ
OKJ,MMY
MMY,OKJ
OKJ,TRA
TRA,OKJ
OKJ,ISG
ISG,OKJ
OKJ,OGN
OGN,OKJ
IZO,HND
HND,IZO
IZO,HIJ
HIJ,IZO
IZO,UBJ
UBJ,IZO
IZO,TKS
TKS,IZO
IZO,TAK
TAK,IZO
IZO,KCZ
KCZ,IZO
IZO,MYJ
MYJ,IZO
IZO,KKJ
KKJ,IZO
IZO,OIT
OIT,IZO
IZO,NGS
NGS,IZO
IZO,TSJ
TSJ,IZO
IZO,IKI
IKI,IZO
IZO,FUJ
FUJ,IZO
IZO,KMJ
KMJ,IZO
IZO,AXJ
AXJ,IZO
IZO,KMI
KMI,IZO
IZO,KOJ
KOJ,IZO
IZO,TNE
TNE,IZO
IZO,KUM
KUM,IZO
IZO,KKX
KKX,IZO
IZO,ASJ
ASJ,IZO
IZO,TKN
TKN,IZO
IZO,OKE
OKE,IZO
IZO,RNJ
RNJ,IZO
IZO,KTD
KTD,IZO
IZO,MMD
MMD,IZO
IZO,UEO
UEO,IZO
IZO,MMY
MMY,IZO
IZO,TRA
TRA,IZO
IZO,ISG
ISG,IZO
IZO,OGN
OGN,IZO
HIJ,HND
HND,HIJ
HIJ,UBJ
UBJ,HIJ
HIJ,TKS
TKS,HIJ
HIJ,TAK
TAK,HIJ
HIJ,KCZ
KCZ,HIJ
HIJ,MYJ
MYJ,HIJ
HIJ,KKJ
KKJ,HIJ
HIJ,OIT
OIT,HIJ
HIJ,NGS
NGS,HIJ
HIJ,TSJ
TSJ,HIJ
HIJ,IKI
IKI,HIJ
HIJ,FUJ
FUJ,HIJ
HIJ,KMJ
KMJ,HIJ
HIJ,AXJ
AXJ,HIJ
HIJ,KMI
KMI,HIJ
HIJ,KOJ
KOJ,HIJ
HIJ,TNE
TNE,HIJ
HIJ,KUM
KUM,HIJ
HIJ,KKX
KKX,HIJ
HIJ,ASJ
ASJ,HIJ
HIJ,TKN
TKN,HIJ
HIJ,OKE
OKE,HIJ
HIJ,RNJ
RNJ,HIJ
HIJ,KTD
KTD,HIJ
HIJ,MMD
MMD,HIJ
HIJ,UEO
UEO,HIJ
HIJ,MMY
MMY,HIJ
HIJ,TRA
TRA,HIJ
HIJ,ISG
ISG,HIJ
HIJ,OGN
OGN,HIJ
UBJ,HND
HND,UBJ
UBJ,TKS
TKS,UBJ
UBJ,TAK
TAK,UBJ
UBJ,KCZ
KCZ,UBJ
UBJ,MYJ
MYJ,UBJ
UBJ,KKJ
KKJ,UBJ
UBJ,OIT
OIT,UBJ
UBJ,NGS
NGS,UBJ
UBJ,TSJ
TSJ,UBJ
UBJ,IKI
IKI,UBJ
UBJ,FUJ
FUJ,UBJ
UBJ,KMJ
KMJ,UBJ
UBJ,AXJ
AXJ,UBJ
UBJ,KMI
KMI,UBJ
UBJ,KOJ
KOJ,UBJ
UBJ,TNE
TNE,UBJ
UBJ,KUM
KUM,UBJ
UBJ,KKX
KKX,UBJ
UBJ,ASJ
ASJ,UBJ
UBJ,TKN
TKN,UBJ
UBJ,OKE
OKE,UBJ
UBJ,RNJ
RNJ,UBJ
UBJ,KTD
KTD,UBJ
UBJ,MMD
MMD,UBJ
UBJ,UEO
UEO,UBJ
UBJ,MMY
MMY,UBJ
UBJ,TRA
TRA,UBJ
UBJ,ISG
ISG,UBJ
UBJ,OGN
OGN,UBJ
TKS,HND
HND,TKS
TKS,TAK
TAK,TKS
TKS,KCZ
KCZ,TKS
TKS,MYJ
MYJ,TKS
TKS,KKJ
KKJ,TKS
TKS,OIT
OIT,TKS
TKS,NGS
NGS,TKS
TKS,TSJ
TSJ,TKS
TKS,IKI
IKI,TKS
TKS,FUJ
FUJ,TKS
TKS,KMJ
KMJ,TKS
TKS,AXJ
AXJ,TKS
TKS,KMI
KMI,TKS
TKS,KOJ
KOJ,TKS
TKS,TNE
TNE,TKS
TKS,KUM
KUM,TKS
TKS,KKX
KKX,TKS
TKS,ASJ
ASJ,TKS
TKS,TKN
TKN,TKS
TKS,OKE
OKE,TKS
TKS,RNJ
RNJ,TKS
TKS,KTD
KTD,TKS
TKS,MMD
MMD,TKS
TKS,UEO
UEO,TKS
TKS,MMY
MMY,TKS
TKS,TRA
TRA,TKS
TKS,ISG
ISG,TKS
TKS,OGN
OGN,TKS
TAK,HND
HND,TAK
TAK,KCZ
KCZ,TAK
TAK,MYJ
MYJ,TAK
TAK,KKJ
KKJ,TAK
TAK,OIT
OIT,TAK
TAK,NGS
NGS,TAK
TAK,TSJ
TSJ,TAK
TAK,IKI
IKI,TAK
TAK,FUJ
FUJ,TAK
TAK,KMJ
KMJ,TAK
TAK,AXJ
AXJ,TAK
TAK,KMI
KMI,TAK
TAK,KOJ
KOJ,TAK
TAK,TNE
TNE,TAK
TAK,KUM
KUM,TAK
TAK,KKX
KKX,TAK
TAK,ASJ
ASJ,TAK
TAK,TKN
TKN,TAK
TAK,OKE
OKE,TAK
TAK,RNJ
RNJ,TAK
TAK,KTD
KTD,TAK
TAK,MMD
MMD,TAK
TAK,UEO
UEO,TAK
TAK,MMY
MMY,TAK
TAK,TRA
TRA,TAK
TAK,ISG
ISG,TAK
TAK,OGN
OGN,TAK
KCZ,HND
HND,KCZ
KCZ,MYJ
MYJ,KCZ
KCZ,KKJ
KKJ,KCZ
KCZ,OIT
OIT,KCZ
KCZ,NGS
NGS,KCZ
KCZ,TSJ
TSJ,KCZ
KCZ,IKI
IKI,KCZ
KCZ,FUJ
FUJ,KCZ
KCZ,KMJ
KMJ,KCZ
KCZ,AXJ
AXJ,KCZ
KCZ,KMI
KMI,KCZ
KCZ,KOJ
KOJ,KCZ
KCZ,TNE
TNE,KCZ
KCZ,KUM
KUM,KCZ
KCZ,KKX
KKX,KCZ
KCZ,ASJ
ASJ,KCZ
KCZ,TKN
TKN,KCZ
KCZ,OKE
OKE,KCZ
KCZ,RNJ
RNJ,KCZ
KCZ,KTD
KTD,KCZ
KCZ,MMD
MMD,KCZ
KCZ,UEO
UEO,KCZ
KCZ,MMY
MMY,KCZ
KCZ,TRA
TRA,KCZ
KCZ,ISG
ISG,KCZ
KCZ,OGN
OGN,KCZ
MYJ,HND
HND,MYJ
MYJ,KKJ
KKJ,MYJ
MYJ,OIT
OIT,MYJ
MYJ,NGS
NGS,MYJ
MYJ,TSJ
TSJ,MYJ
MYJ,IKI
IKI,MYJ
MYJ,FUJ
FUJ,MYJ
MYJ,KMJ
KMJ,MYJ
MYJ,AXJ
AXJ,MYJ
MYJ,KMI
KMI,MYJ
MYJ,TNE
TNE,MYJ
MYJ,KUM
KUM,MYJ
MYJ,KKX
KKX,MYJ
MYJ,ASJ
ASJ,MYJ
MYJ,TKN
TKN,MYJ
MYJ,OKE
OKE,MYJ
MYJ,RNJ
RNJ,MYJ
MYJ,KTD
KTD,MYJ
MYJ,MMD
MMD,MYJ
MYJ,UEO
UEO,MYJ
MYJ,MMY
MMY,MYJ
MYJ,TRA
TRA,MYJ
MYJ,ISG
ISG,MYJ
MYJ,OGN
OGN,MYJ
KKJ,HND
HND,KKJ
KKJ,OIT
OIT,KKJ
KKJ,NGS
NGS,KKJ
KKJ,TSJ
TSJ,KKJ
KKJ,IKI
IKI,KKJ
KKJ,FUJ
FUJ,KKJ
KKJ,KMJ
KMJ,KKJ
KKJ,AXJ
AXJ,KKJ
KKJ,KMI
KMI,KKJ
KKJ,KOJ
KOJ,KKJ
KKJ,TNE
TNE,KKJ
KKJ,KUM
KUM,KKJ
KKJ,KKX
KKX,KKJ
KKJ,ASJ
ASJ,KKJ
KKJ,TKN
TKN,KKJ
KKJ,OKE
OKE,KKJ
KKJ,RNJ
RNJ,KKJ
KKJ,KTD
KTD,KKJ
KKJ,MMD
MMD,KKJ
KKJ,UEO
UEO,KKJ
KKJ,MMY
MMY,KKJ
KKJ,TRA
TRA,KKJ
KKJ,ISG
ISG,KKJ
KKJ,OGN
OGN,KKJ
OIT,HND
HND,OIT
OIT,NGS
NGS,OIT
OIT,TSJ
TSJ,OIT
OIT,IKI
IKI,OIT
OIT,FUJ
FUJ,OIT
OIT,KMJ
KMJ,OIT
OIT,AXJ
AXJ,OIT
OIT,KMI
KMI,OIT
OIT,KOJ
KOJ,OIT
OIT,TNE
TNE,OIT
OIT,KUM
KUM,OIT
OIT,KKX
KKX,OIT
OIT,ASJ
ASJ,OIT
OIT,TKN
TKN,OIT
OIT,OKE
OKE,OIT
OIT,RNJ
RNJ,OIT
OIT,KTD
KTD,OIT
OIT,MMD
MMD,OIT
OIT,UEO
UEO,OIT
OIT,MMY
MMY,OIT
OIT,TRA
TRA,OIT
OIT,ISG
ISG,OIT
OIT,OGN
OGN,OIT
NGS,HND
HND,NGS
NGS,TSJ
TSJ,NGS
NGS,IKI
IKI,NGS
NGS,FUJ
FUJ,NGS
NGS,KMJ
KMJ,NGS
NGS,AXJ
AXJ,NGS
NGS,KMI
KMI,NGS
NGS,KOJ
KOJ,NGS
NGS,TNE
TNE,NGS
NGS,KUM
KUM,NGS
NGS,KKX
KKX,NGS
NGS,ASJ
ASJ,NGS
NGS,TKN
TKN,NGS
NGS,OKE
OKE,NGS
NGS,RNJ
RNJ,NGS
NGS,KTD
KTD,NGS
NGS,MMD
MMD,NGS
NGS,UEO
UEO,NGS
NGS,MMY
MMY,NGS
NGS,TRA
TRA,NGS
NGS,ISG
ISG,NGS
NGS,OGN
OGN,NGS
TSJ,IKI
IKI,TSJ
TSJ,FUJ
FUJ,TSJ
TSJ,KMJ
KMJ,TSJ
TSJ,AXJ
AXJ,TSJ
TSJ,KMI
KMI,TSJ
TSJ,KOJ
KOJ,TSJ
TSJ,TNE
TNE,TSJ
TSJ,KUM
KUM,TSJ
TSJ,KKX
KKX,TSJ
TSJ,ASJ
ASJ,TSJ
TSJ,TKN
TKN,TSJ
TSJ,OKE
OKE,TSJ
TSJ,RNJ
RNJ,TSJ
TSJ,KTD
KTD,TSJ
TSJ,MMD
MMD,TSJ
TSJ,UEO
UEO,TSJ
TSJ,MMY
MMY,TSJ
TSJ,TRA
TRA,TSJ
TSJ,ISG
ISG,TSJ
TSJ,OGN
OGN,TSJ
IKI,FUJ
FUJ,IKI
IKI,KMJ
KMJ,IKI
IKI,AXJ
AXJ,IKI
IKI,KMI
KMI,IKI
IKI,KOJ
KOJ,IKI
IKI,TNE
TNE,IKI
IKI,KUM
KUM,IKI
IKI,KKX
KKX,IKI
IKI,ASJ
ASJ,IKI
IKI,TKN
TKN,IKI
IKI,OKE
OKE,IKI
IKI,RNJ
RNJ,IKI
IKI,KTD
KTD,IKI
IKI,MMD
MMD,IKI
IKI,UEO
UEO,IKI
IKI,MMY
MMY,IKI
IKI,TRA
TRA,IKI
IKI,ISG
ISG,IKI
IKI,OGN
OGN,IKI
FUJ,KMJ
KMJ,FUJ
FUJ,AXJ
AXJ,FUJ
FUJ,KMI
KMI,FUJ
FUJ,KOJ
KOJ,FUJ
FUJ,TNE
TNE,FUJ
FUJ,KUM
KUM,FUJ
FUJ,KKX
KKX,FUJ
FUJ,ASJ
ASJ,FUJ
FUJ,TKN
TKN,FUJ
FUJ,OKE
OKE,FUJ
FUJ,RNJ
RNJ,FUJ
FUJ,KTD
KTD,FUJ
FUJ,MMD
MMD,FUJ
FUJ,UEO
UEO,FUJ
FUJ,MMY
MMY,FUJ
FUJ,TRA
TRA,FUJ
FUJ,ISG
ISG,FUJ
FUJ,OGN
OGN,FUJ
KMJ,HND
HND,KMJ
KMJ,KMI
KMI,KMJ
KMJ,KOJ
KOJ,KMJ
KMJ,TNE
TNE,KMJ
KMJ,KUM
KUM,KMJ
KMJ,KKX
KKX,KMJ
KMJ,ASJ
ASJ,KMJ
KMJ,TKN
TKN,KMJ
KMJ,OKE
OKE,KMJ
KMJ,RNJ
RNJ,KMJ
KMJ,KTD
KTD,KMJ
KMJ,MMD
MMD,KMJ
KMJ,UEO
UEO,KMJ
KMJ,MMY
MMY,KMJ
KMJ,TRA
TRA,KMJ
KMJ,ISG
ISG,KMJ
KMJ,OGN
OGN,KMJ
AXJ,KMI
KMI,AXJ
AXJ,KOJ
KOJ,AXJ
AXJ,TNE
TNE,AXJ
AXJ,KUM
KUM,AXJ
AXJ,KKX
KKX,AXJ
AXJ,ASJ
ASJ,AXJ
AXJ,TKN
TKN,AXJ
AXJ,OKE
OKE,AXJ
AXJ,RNJ
RNJ,AXJ
AXJ,KTD
KTD,AXJ
AXJ,MMD
MMD,AXJ
AXJ,UEO
UEO,AXJ
AXJ,MMY
MMY,AXJ
AXJ,TRA
TRA,AXJ
AXJ,ISG
ISG,AXJ
AXJ,OGN
OGN,AXJ
KMI,HND
HND,KMI
KMI,KOJ
KOJ,KMI
KMI,TNE
TNE,KMI
KMI,KUM
KUM,KMI
KMI,KKX
KKX,KMI
KMI,ASJ
ASJ,KMI
KMI,TKN
TKN,KMI
KMI,OKE
OKE,KMI
KMI,RNJ
RNJ,KMI
KMI,KTD
KTD,KMI
KMI,MMD
MMD,KMI
KMI,UEO
UEO,KMI
KMI,MMY
MMY,KMI
KMI,TRA
TRA,KMI
KMI,ISG
ISG,KMI
KMI,OGN
OGN,KMI
KOJ,HND
HND,KOJ
KOJ,TNE
TNE,KOJ
KOJ,KUM
KUM,KOJ
KOJ,KKX
KKX,KOJ
KOJ,ASJ
ASJ,KOJ
KOJ,TKN
TKN,KOJ
KOJ,OKE
OKE,KOJ
KOJ,RNJ
RNJ,KOJ
KOJ,KTD
KTD,KOJ
KOJ,MMD
MMD,KOJ
KOJ,UEO
UEO,KOJ
KOJ,MMY
MMY,KOJ
KOJ,TRA
TRA,KOJ
KOJ,ISG
ISG,KOJ
KOJ,OGN
OGN,KOJ
TNE,KUM
KUM,TNE
TNE,KKX
KKX,TNE
TNE,ASJ
ASJ,TNE
TNE,TKN
TKN,TNE
TNE,OKE
OKE,TNE
TNE,RNJ
RNJ,TNE
TNE,KTD
KTD,TNE
TNE,MMD
MMD,TNE
TNE,UEO
UEO,TNE
TNE,MMY
MMY,TNE
TNE,TRA
TRA,TNE
TNE,ISG
ISG,TNE
TNE,OGN
OGN,TNE
KUM,KKX
KKX,KUM
KUM,ASJ
ASJ,KUM
KUM,TKN
TKN,KUM
KUM,OKE
OKE,KUM
KUM,RNJ
RNJ,KUM
KUM,KTD
KTD,KUM
KUM,MMD
MMD,KUM
KUM,UEO
UEO,KUM
KUM,MMY
MMY,KUM
KUM,TRA
TRA,KUM
KUM,ISG
ISG,KUM
KUM,OGN
OGN,KUM
KKX,ASJ
ASJ,KKX
KKX,TKN
TKN,KKX
KKX,OKE
OKE,KKX
KKX,RNJ
RNJ,KKX
KKX,KTD
KTD,KKX
KKX,MMD
MMD,KKX
KKX,UEO
UEO,KKX
KKX,MMY
MMY,KKX
KKX,TRA
TRA,KKX
KKX,ISG
ISG,KKX
KKX,OGN
OGN,KKX
ASJ,TKN
TKN,ASJ
ASJ,OKE
OKE,ASJ
ASJ,KTD
KTD,ASJ
ASJ,MMD
MMD,ASJ
ASJ,UEO
UEO,ASJ
ASJ,MMY
MMY,ASJ
ASJ,TRA
TRA,ASJ
ASJ,ISG
ISG,ASJ
ASJ,OGN
OGN,ASJ
TKN,RNJ
RNJ,TKN
TKN,KTD
KTD,TKN
TKN,MMD
MMD,TKN
TKN,UEO
UEO,TKN
TKN,MMY
MMY,TKN
TKN,TRA
TRA,TKN
TKN,ISG
ISG,TKN
TKN,OGN
OGN,TKN
OKE,RNJ
RNJ,OKE
OKE,KTD
KTD,OKE
OKE,MMD
MMD,OKE
OKE,UEO
UEO,OKE
OKE,MMY
MMY,OKE
OKE,TRA
TRA,OKE
OKE,ISG
ISG,OKE
OKE,OGN
OGN,OKE
RNJ,KTD
KTD,RNJ
RNJ,MMD
MMD,RNJ
RNJ,UEO
UEO,RNJ
RNJ,MMY
MMY,RNJ
RNJ,TRA
TRA,RNJ
RNJ,ISG
ISG,RNJ
RNJ,OGN
OGN,RNJ
KTD,MMD
MMD,KTD
KTD,UEO
UEO,KTD
KTD,MMY
MMY,KTD
KTD,TRA
TRA,KTD
KTD,ISG
ISG,KTD
KTD,OGN
OGN,KTD
MMD,UEO
UEO,MMD
MMD,MMY
MMY,MMD
MMD,TRA
TRA,MMD
MMD,ISG
ISG,MMD
MMD,OGN
OGN,MMD
UEO,MMY
MMY,UEO
UEO,TRA
TRA,UEO
UEO,ISG
ISG,UEO
UEO,OGN
OGN,UEO
MMY,TRA
TRA,MMY
MMY,ISG
ISG,MMY
MMY,OGN
OGN,MMY
TRA,ISG
ISG,TRA
TRA,OGN
OGN,TRA
ISG,HND
HND,ISG
ISG,OGN
OGN,ISG
MMB,NRT
MMB,ITM
MMB,KIX
MMB,FUK
MMB,OKA
MMB,RIS
AKJ,NRT
AKJ,ITM
AKJ,KIX
AKJ,CTS
AKJ,FUK
AKJ,OKA
AKJ,OKD
AKJ,RIS
SHB,HND
SHB,NRT
SHB,ITM
SHB,KIX
SHB,CTS
SHB,FUK
SHB,OKA
SHB,RIS
KUH,NRT
KUH,ITM
KUH,KIX
KUH,CTS
KUH,FUK
KUH,OKA
OBO,NRT
OBO,ITM
OBO,KIX
OBO,CTS
OBO,FUK
OBO,OKA
OBO,OKD
HKD,NRT
HKD,KIX
HKD,CTS
HKD,FUK
HKD,OKA
OIR,HND
OIR,NRT
OIR,ITM
OIR,KIX
OIR,CTS
OIR,FUK
OIR,OKA
OIR,OKD
AOJ,NRT
AOJ,KIX
AOJ,FUK
AOJ,OKA
AOJ,OKD
MSJ,NRT
MSJ,KIX
MSJ,CTS
MSJ,FUK
MSJ,OKA
AXT,NRT
AXT,KIX
AXT,CTS
AXT,FUK
AXT,OKA
HNA,HND
HNA,NRT
HNA,KIX
HNA,OKA
HNA,OKD
SDJ,HND
SDJ,NRT
SDJ,KIX
SDJ,OKA
SDJ,OKD
GAJ,NRT
GAJ,KIX
GAJ,FUK
GAJ,OKA
GAJ,OKD
KIJ,HND
KIJ,NRT
KIJ,KIX
KIJ,OKA
KIJ,OKD
MMJ,HND
MMJ,NRT
MMJ,ITM
MMJ,KIX
MMJ,OKA
MMJ,OKD
KMQ,NRT
KMQ,ITM
KMQ,KIX
KMQ,CTS
KMQ,FUK
KMQ,OKA
KMQ,OKD
FSZ,HND
FSZ,NRT
FSZ,ITM
FSZ,KIX
FSZ,OKA
FSZ,OKD
NGO,ITM
NGO,KIX
NGO,FUK
NGO,OKA
NGO,OKD
NKM,HND
NKM,NRT
NKM,ITM
NKM,KIX
NKM,CTS
NKM,OKA
NKM,OKD
UKB,HND
UKB,NRT
UKB,ITM
UKB,KIX
UKB,CTS
UKB,FUK
UKB,OKA
UKB,OKD
SHM,NRT
SHM,ITM
SHM,KIX
SHM,CTS
SHM,FUK
SHM,OKA
SHM,OKD
TJH,HND
TJH,NRT
TJH,KIX
TJH,CTS
TJH,FUK
TJH,OKA
TJH,OKD
OKI,HND
OKI,NRT
OKI,KIX
OKI,CTS
OKI,FUK
OKI,OKA
OKI,OKD
OKJ,NRT
OKJ,ITM
OKJ,KIX
OKJ,CTS
OKJ,FUK
OKJ,OKA
OKJ,OKD
IZO,NRT
IZO,KIX
IZO,CTS
IZO,OKA
IZO,OKD
HIJ,NRT
HIJ,ITM
HIJ,KIX
HIJ,FUK
HIJ,OKA
HIJ,OKD
UBJ,NRT
UBJ,ITM
UBJ,KIX
UBJ,CTS
UBJ,FUK
UBJ,OKA
UBJ,OKD
TKS,NRT
TKS,ITM
TKS,KIX
TKS,CTS
TKS,OKA
TKS,OKD
TAK,NRT
TAK,ITM
TAK,KIX
TAK,CTS
TAK,FUK
TAK,OKA
TAK,OKD
KCZ,NRT
KCZ,ITM
KCZ,KIX
KCZ,CTS
KCZ,OKA
KCZ,OKD
MYJ,NRT
MYJ,KIX
MYJ,CTS
MYJ,OKA
MYJ,OKD
KKJ,NRT
KKJ,ITM
KKJ,KIX
KKJ,CTS
KKJ,FUK
KKJ,OKA
KKJ,OKD
OIT,NRT
OIT,KIX
OIT,CTS
OIT,FUK
OIT,OKA
OIT,OKD
NGS,NRT
NGS,KIX
NGS,CTS
NGS,FUK
NGS,OKA
NGS,OKD
TSJ,HND
TSJ,NRT
TSJ,ITM
TSJ,KIX
TSJ,CTS
TSJ,OKA
TSJ,OKD
IKI,HND
IKI,NRT
IKI,ITM
IKI,KIX
IKI,CTS
IKI,FUK
IKI,OKA
IKI,OKD
FUJ,HND
FUJ,NRT
FUJ,ITM
FUJ,KIX
FUJ,CTS
FUJ,OKA
FUJ,OKD
KMJ,NRT
KMJ,KIX
KMJ,CTS
KMJ,FUK
KMJ,OKA
KMJ,OKD
AXJ,HND
AXJ,NRT
AXJ,ITM
AXJ,KIX
AXJ,CTS
AXJ,OKA
AXJ,OKD
KMI,NRT
KMI,KIX
KMI,CTS
KMI,OKA
KMI,OKD
KOJ,NRT
KOJ,KIX
KOJ,CTS
KOJ,OKA
KOJ,OKD
TNE,HND
TNE,NRT
TNE,ITM
TNE,KIX
TNE,CTS
TNE,FUK
TNE,OKA
TNE,OKD
KUM,HND
KUM,NRT
KUM,KIX
KUM,CTS
KUM,OKA
KUM,OKD
KKX,HND
KKX,NRT
KKX,ITM
KKX,KIX
KKX,CTS
KKX,FUK
KKX,OKA
KKX,OKD
ASJ,NRT
ASJ,KIX
ASJ,CTS
ASJ,OKD
TKN,HND
TKN,NRT
TKN,ITM
TKN,KIX
TKN,CTS
TKN,FUK
TKN,OKA
TKN,OKD
OKE,HND
OKE,NRT
OKE,ITM
OKE,KIX
OKE,CTS
OKE,FUK
OKE,OKD
RNJ,HND
RNJ,NRT
RNJ,ITM
RNJ,KIX
RNJ,CTS
RNJ,FUK
RNJ,OKD
KTD,HND
KTD,NRT
KTD,ITM
KTD,KIX
KTD,CTS
KTD,FUK
KTD,OKA
KTD,OKD
MMD,HND
MMD,NRT
MMD,ITM
MMD,KIX
MMD,CTS
MMD,FUK
MMD,OKA
MMD,OKD
UEO,HND
UEO,NRT
UEO,ITM
UEO,KIX
UEO,CTS
UEO,FUK
UEO,OKA
UEO,OKD
MMY,NRT
MMY,ITM
MMY,KIX
MMY,CTS
MMY,FUK
MMY,OKA
MMY,OKD
TRA,HND
TRA,NRT
TRA,ITM
TRA,KIX
TRA,CTS
TRA,FUK
TRA,OKA
TRA,OKD
ISG,NRT
ISG,ITM
ISG,KIX
ISG,CTS
ISG,FUK
ISG,OKA
ISG,OKD
OGN,HND
OGN,NRT
OGN,ITM
OGN,KIX
OGN,CTS
OGN,FUK
OGN,OKA
OGN,OKD
